simulated_model,round,estimated_model,sumLME,bicint,relBIC,xp,winner_by_BIC,winner_by_XP
ms_two_k_one_beta,1,ms_two_k_one_beta,-401.1770932829,809.696540555661,0,0.999843,1,1
ms_two_k_one_beta,1,ms_two_k_one_beta_linear,-429.668829655094,854.413438309289,44.7168977536274,0,0,0
ms_two_k_one_beta,1,ms_two_k_one_beta_hyperbolic,-426.006853975647,863.732323010674,54.0357824550122,0,0,0
ms_two_k_one_beta,1,ms_two_k_two_beta,-404.496556043162,820.769512196563,11.0729716409018,0.000151,0,0
ms_two_k_one_beta,1,ms_two_k_two_beta_linear,-427.325838350488,858.403653510636,48.7071129549749,0,0,0
ms_two_k_one_beta,1,ms_two_k_two_beta_hyperbolic,-422.392007107755,868.379183471053,58.682642915392,6e-06,0,0
ms_two_k_one_beta,2,ms_two_k_one_beta,-477.689083928697,953.070554102106,0,0.999974,1,1
ms_two_k_one_beta,2,ms_two_k_one_beta_linear,-521.416961556336,1040.3826395205,87.3120854183943,0,0,0
ms_two_k_one_beta,2,ms_two_k_one_beta_hyperbolic,-529.155054845524,1064.86070288269,111.790148780579,0,0,0
ms_two_k_one_beta,2,ms_two_k_two_beta,-482.877076362367,972.903009968933,19.8324558668264,2.6e-05,0,0
ms_two_k_one_beta,2,ms_two_k_two_beta_linear,-520.702287323089,1049.18201837235,96.1114642702463,0,0,0
ms_two_k_one_beta,2,ms_two_k_two_beta_hyperbolic,-528.353390385784,1071.80503821059,118.73448410848,0,0,0
ms_two_k_one_beta,3,ms_two_k_one_beta,-459.444828603228,881.646721442684,0.181133589916953,0.993124,0,1
ms_two_k_one_beta,3,ms_two_k_one_beta_linear,-445.782218763552,893.289416641401,11.8238287886339,5.1e-05,0,0
ms_two_k_one_beta,3,ms_two_k_one_beta_hyperbolic,-449.05291973795,913.191143470278,31.7255556175111,2.1e-05,0,0
ms_two_k_one_beta,3,ms_two_k_two_beta,-459.267187238842,881.465587852767,0,0.006184,1,0
ms_two_k_one_beta,3,ms_two_k_two_beta_linear,-446.682693645494,906.203264489191,24.737676636424,6.9e-05,0,0
ms_two_k_one_beta,3,ms_two_k_two_beta_hyperbolic,-450.175332332322,926.395927758777,44.93033990601,0.000551,0,0
ms_two_k_one_beta,4,ms_two_k_one_beta,-410.20966579351,816.585825978884,0,0.739369,1,1
ms_two_k_one_beta,4,ms_two_k_one_beta_linear,-439.148025232246,871.931787798463,55.345961819579,0,0,0
ms_two_k_one_beta,4,ms_two_k_one_beta_hyperbolic,-434.770897441285,889.069868746613,72.4840427677287,5e-06,0,0
ms_two_k_one_beta,4,ms_two_k_two_beta,-411.119999533737,826.151884662658,9.56605868377312,0.260475,0,0
ms_two_k_one_beta,4,ms_two_k_two_beta_linear,-438.555008287681,879.041409031489,62.4555830526044,0,0,0
ms_two_k_one_beta,4,ms_two_k_two_beta_hyperbolic,-434.42320977841,903.828060309815,87.2422343309304,0.000151,0,0
ms_two_k_one_beta,5,ms_two_k_one_beta,-399.704872581816,812.232783081243,0,0.745887,1,1
ms_two_k_one_beta,5,ms_two_k_one_beta_linear,-425.233079113796,856.666703181756,44.4339201005131,2e-06,0,0
ms_two_k_one_beta,5,ms_two_k_one_beta_hyperbolic,-423.821784041362,871.206482252426,58.9736991711829,0,0,0
ms_two_k_one_beta,5,ms_two_k_two_beta,-401.565609146606,821.257299473402,9.0245163921594,0.254099,0,0
ms_two_k_one_beta,5,ms_two_k_two_beta_linear,-424.857855268095,857.805409253294,45.5726261720513,9e-06,0,0
ms_two_k_one_beta,5,ms_two_k_two_beta_hyperbolic,-425.070514749673,887.656221091244,75.423438010001,3e-06,0,0
ms_two_k_one_beta,6,ms_two_k_one_beta,-421.110990749971,840.765102747391,0,1,1,1
ms_two_k_one_beta,6,ms_two_k_one_beta_linear,-459.248896800262,911.830797393224,71.0656946458324,0,0,0
ms_two_k_one_beta,6,ms_two_k_one_beta_hyperbolic,-453.667313005062,924.07469520548,83.3095924580887,0,0,0
ms_two_k_one_beta,6,ms_two_k_two_beta,-426.236235106787,866.480126074376,25.7150233269851,0,0,0
ms_two_k_one_beta,6,ms_two_k_two_beta_linear,-459.830639163932,925.767791506545,85.0026887591536,0,0,0
ms_two_k_one_beta,6,ms_two_k_two_beta_hyperbolic,-453.620377758062,937.930620778321,97.1655180309298,0,0,0
ms_two_k_one_beta,7,ms_two_k_one_beta,-384.250906782529,772.328169145049,0,0.480466,1,0
ms_two_k_one_beta,7,ms_two_k_one_beta_linear,-408.844442097644,828.333390246087,56.0052211010382,0,0,0
ms_two_k_one_beta,7,ms_two_k_one_beta_hyperbolic,-401.726749632017,826.314259332778,53.9860901877285,2.1e-05,0,0
ms_two_k_one_beta,7,ms_two_k_two_beta,-384.68562437131,782.504739025922,10.1765698808725,0.519512,0,1
ms_two_k_one_beta,7,ms_two_k_two_beta_linear,-409.882745254855,832.179423713396,59.8512545683465,0,0,0
ms_two_k_one_beta,7,ms_two_k_two_beta_hyperbolic,-403.220004581524,834.571666733096,62.2434975880466,1e-06,0,0
ms_two_k_one_beta,8,ms_two_k_one_beta,-434.149672964088,860.029670239366,0,0.064714,1,0
ms_two_k_one_beta,8,ms_two_k_one_beta_linear,-453.289753767419,895.822078110396,35.79240787103,0,0,0
ms_two_k_one_beta,8,ms_two_k_one_beta_hyperbolic,-451.84929969539,918.800410194987,58.7707399556211,5e-06,0,0
ms_two_k_one_beta,8,ms_two_k_two_beta,-437.430253819955,883.702836462555,23.6731662231887,0.935281,0,1
ms_two_k_one_beta,8,ms_two_k_two_beta_linear,-454.551031346336,917.541979877249,57.5123096378834,0,0,0
ms_two_k_one_beta,8,ms_two_k_two_beta_hyperbolic,-460.630756781156,940.590461693034,80.5607914536679,0,0,0
ms_two_k_one_beta,9,ms_two_k_one_beta,-447.811360612755,900.832598014995,0,0.997356,1,1
ms_two_k_one_beta,9,ms_two_k_one_beta_linear,-459.423463165936,933.964500335342,33.1319023203473,0.002643,0,0
ms_two_k_one_beta,9,ms_two_k_one_beta_hyperbolic,-463.730224090716,944.815897719421,43.983299704426,1e-06,0,0
ms_two_k_one_beta,9,ms_two_k_two_beta,-484.681790681538,933.10176562791,32.2691676129152,0,0,0
ms_two_k_one_beta,9,ms_two_k_two_beta_linear,-469.541358838458,959.865245381757,59.0326473667621,0,0,0
ms_two_k_one_beta,9,ms_two_k_two_beta_hyperbolic,-474.06302382672,971.602071205078,70.7694731900837,0,0,0
ms_two_k_one_beta,10,ms_two_k_one_beta,-399.906290299358,807.094509700467,0,0.200314,1,0
ms_two_k_one_beta,10,ms_two_k_one_beta_linear,-429.168317389612,855.759627508682,48.665117808215,0,0,0
ms_two_k_one_beta,10,ms_two_k_one_beta_hyperbolic,-428.083609941392,873.230158382176,66.135648681709,0,0,0
ms_two_k_one_beta,10,ms_two_k_two_beta,-399.542914139088,831.836851082667,24.7423413821999,0.799686,0,1
ms_two_k_one_beta,10,ms_two_k_two_beta_linear,-428.534790598711,862.512126670497,55.4176169700296,0,0,0
ms_two_k_one_beta,10,ms_two_k_two_beta_hyperbolic,-432.03178574443,893.146698207242,86.0521885067747,0,0,0
ms_two_k_one_beta_linear,1,ms_two_k_one_beta,-741.1677215145,1455.14850092603,99.12781767253,0,0,0
ms_two_k_one_beta_linear,1,ms_two_k_one_beta_linear,-688.173290113511,1356.0206832535,0,1,1,1
ms_two_k_one_beta_linear,1,ms_two_k_one_beta_hyperbolic,-704.069978970309,1391.57471865088,35.554035397382,0,0,0
ms_two_k_one_beta_linear,1,ms_two_k_two_beta,-775.775309554362,1486.21456044886,130.193877195359,0,0,0
ms_two_k_one_beta_linear,1,ms_two_k_two_beta_linear,-706.301491091333,1401.33076795818,45.310084704678,0,0,0
ms_two_k_one_beta_linear,1,ms_two_k_two_beta_hyperbolic,-720.830613931509,1428.92381542245,72.9031321689504,0,0,0
ms_two_k_one_beta_linear,2,ms_two_k_one_beta,-703.951837695183,1385.30962233424,100.302058678657,0,0,0
ms_two_k_one_beta_linear,2,ms_two_k_one_beta_linear,-648.634831987566,1285.00756365558,0,0.994089,1,1
ms_two_k_one_beta_linear,2,ms_two_k_one_beta_hyperbolic,-651.893080430285,1298.31587933145,13.3083156758687,0.005911,0,0
ms_two_k_one_beta_linear,2,ms_two_k_two_beta,-714.410995887403,1429.49805283525,144.490489179675,0,0,0
ms_two_k_one_beta_linear,2,ms_two_k_two_beta_linear,-659.543487438754,1320.57080957315,35.5632459175677,0,0,0
ms_two_k_one_beta_linear,2,ms_two_k_two_beta_hyperbolic,-661.586461441381,1328.8844690101,43.8769053545248,0,0,0
ms_two_k_one_beta_linear,3,ms_two_k_one_beta,-752.023347699369,1478.6612492382,106.262890903803,0,0,0
ms_two_k_one_beta_linear,3,ms_two_k_one_beta_linear,-693.064154866628,1372.3983583344,0,1,1,1
ms_two_k_one_beta_linear,3,ms_two_k_one_beta_hyperbolic,-703.670857076044,1399.56521579455,27.1668574601515,0,0,0
ms_two_k_one_beta_linear,3,ms_two_k_two_beta,-765.574039660149,1515.99766893065,143.599310596249,0,0,0
ms_two_k_one_beta_linear,3,ms_two_k_two_beta_linear,-707.992301656593,1416.24634167808,43.8479833436857,0,0,0
ms_two_k_one_beta_linear,3,ms_two_k_two_beta_hyperbolic,-715.811326135155,1435.35414608939,62.955787754988,0,0,0
ms_two_k_one_beta_linear,4,ms_two_k_one_beta,-727.325329790158,1396.31770861645,111.77662534301,0,0,0
ms_two_k_one_beta_linear,4,ms_two_k_one_beta_linear,-645.37029738689,1284.54108327344,0,1,1,1
ms_two_k_one_beta_linear,4,ms_two_k_one_beta_hyperbolic,-663.086625006868,1325.54529538872,41.0042121152846,0,0,0
ms_two_k_one_beta_linear,4,ms_two_k_two_beta,-760.359520860598,1430.08206206628,145.540978792843,0,0,0
ms_two_k_one_beta_linear,4,ms_two_k_two_beta_linear,-659.541560473429,1315.89277818674,31.3516949133043,0,0,0
ms_two_k_one_beta_linear,4,ms_two_k_two_beta_hyperbolic,-678.261852729449,1357.1459442702,72.604860996759,0,0,0
ms_two_k_one_beta_linear,5,ms_two_k_one_beta,-711.046138455998,1401.44615885227,121.828321924769,0,0,0
ms_two_k_one_beta_linear,5,ms_two_k_one_beta_linear,-643.969284683612,1279.6178369275,0,0.999999,1,1
ms_two_k_one_beta_linear,5,ms_two_k_one_beta_hyperbolic,-655.858974963185,1308.14556425174,28.5277273242386,1e-06,0,0
ms_two_k_one_beta_linear,5,ms_two_k_two_beta,-724.187215893877,1435.73818266475,156.120345737244,0,0,0
ms_two_k_one_beta_linear,5,ms_two_k_two_beta_linear,-661.367343426795,1320.93840205282,41.3205651253149,0,0,0
ms_two_k_one_beta_linear,5,ms_two_k_two_beta_hyperbolic,-674.46394466574,1353.64264182426,74.0248048967615,0,0,0
ms_two_k_one_beta_linear,6,ms_two_k_one_beta,-691.112400841494,1357.10138158385,119.472675922928,0,0,0
ms_two_k_one_beta_linear,6,ms_two_k_one_beta_linear,-621.599642245243,1237.62870566092,0,1,1,1
ms_two_k_one_beta_linear,6,ms_two_k_one_beta_hyperbolic,-636.46664457574,1267.55710715873,29.9284014978143,0,0,0
ms_two_k_one_beta_linear,6,ms_two_k_two_beta,-699.068644839865,1384.55651803962,146.9278123787,0,0,0
ms_two_k_one_beta_linear,6,ms_two_k_two_beta_linear,-637.450039272906,1273.81111919794,36.1824135370271,0,0,0
ms_two_k_one_beta_linear,6,ms_two_k_two_beta_hyperbolic,-641.382992565751,1289.83304468951,52.2043390285926,0,0,0
ms_two_k_one_beta_linear,7,ms_two_k_one_beta,-708.779225052555,1396.5633074004,97.4570476465381,0,0,0
ms_two_k_one_beta_linear,7,ms_two_k_one_beta_linear,-654.059496132668,1299.10625975386,0,1,1,1
ms_two_k_one_beta_linear,7,ms_two_k_one_beta_hyperbolic,-663.396277253046,1323.68699290665,24.5807331527842,0,0,0
ms_two_k_one_beta_linear,7,ms_two_k_two_beta,-715.663085575054,1426.94212801515,127.835868261288,0,0,0
ms_two_k_one_beta_linear,7,ms_two_k_two_beta_linear,-667.013513137796,1330.08706014826,30.9808003943976,0,0,0
ms_two_k_one_beta_linear,7,ms_two_k_two_beta_hyperbolic,-673.097800291962,1352.36258783777,53.2563280839117,0,0,0
ms_two_k_one_beta_linear,8,ms_two_k_one_beta,-709.456971559319,1400.40269233504,50.9517620212198,0.000107,0,0
ms_two_k_one_beta_linear,8,ms_two_k_one_beta_linear,-681.913566722824,1349.45093031382,0,0.999884,1,1
ms_two_k_one_beta_linear,8,ms_two_k_one_beta_hyperbolic,-691.888212095808,1376.75953611506,27.3086058012361,6e-06,0,0
ms_two_k_one_beta_linear,8,ms_two_k_two_beta,-720.254417071984,1429.43290609271,79.9819757788875,0,0,0
ms_two_k_one_beta_linear,8,ms_two_k_two_beta_linear,-691.805433256015,1381.21585519688,31.7649248830592,3e-06,0,0
ms_two_k_one_beta_linear,8,ms_two_k_two_beta_hyperbolic,-703.957507778737,1411.69838550905,62.2474551952293,0,0,0
ms_two_k_one_beta_linear,9,ms_two_k_one_beta,-713.414646318179,1409.49583211384,108.741383496664,0,0,0
ms_two_k_one_beta_linear,9,ms_two_k_one_beta_linear,-655.418991331803,1300.75444861718,0,1,1,1
ms_two_k_one_beta_linear,9,ms_two_k_one_beta_hyperbolic,-674.305554105195,1346.95034464209,46.1958960249065,0,0,0
ms_two_k_one_beta_linear,9,ms_two_k_two_beta,-723.793873982609,1442.23403418999,141.47958557281,0,0,0
ms_two_k_one_beta_linear,9,ms_two_k_two_beta_linear,-665.103295205358,1334.95636661186,34.2019179946819,0,0,0
ms_two_k_one_beta_linear,9,ms_two_k_two_beta_hyperbolic,-689.742491977632,1381.53393711455,80.77948849737,0,0,0
ms_two_k_one_beta_linear,10,ms_two_k_one_beta,-748.94407193869,1470.4210196668,100.750392561808,0,0,0
ms_two_k_one_beta_linear,10,ms_two_k_one_beta_linear,-686.968194862015,1369.67062710499,0,1,1,1
ms_two_k_one_beta_linear,10,ms_two_k_one_beta_hyperbolic,-706.569955301567,1409.69202679044,40.0213996854482,0,0,0
ms_two_k_one_beta_linear,10,ms_two_k_two_beta,-757.260077659821,1495.5147469052,125.844119800212,0,0,0
ms_two_k_one_beta_linear,10,ms_two_k_two_beta_linear,-701.612040020255,1403.93755251962,34.2669254146306,0,0,0
ms_two_k_one_beta_linear,10,ms_two_k_two_beta_hyperbolic,-723.292150043726,1444.9804650706,75.3098379656137,0,0,0
ms_two_k_one_beta_hyperbolic,1,ms_two_k_one_beta,-1039.40412759837,2058.27926802508,95.0590746093799,0,0,0
ms_two_k_one_beta_hyperbolic,1,ms_two_k_one_beta_linear,-1006.95290537144,1998.12781941541,34.90762599971,0,0,0
ms_two_k_one_beta_hyperbolic,1,ms_two_k_one_beta_hyperbolic,-988.999215076126,1963.2201934157,0,1,1,1
ms_two_k_one_beta_hyperbolic,1,ms_two_k_two_beta,-1047.25027970085,2084.17164205271,120.951448637012,0,0,0
ms_two_k_one_beta_hyperbolic,1,ms_two_k_two_beta_linear,-1018.58148451718,2032.70325073519,69.4830573194918,0,0,0
ms_two_k_one_beta_hyperbolic,1,ms_two_k_two_beta_hyperbolic,-1001.01712721555,2000.4366580907,37.2164646750036,0,0,0
ms_two_k_one_beta_hyperbolic,2,ms_two_k_one_beta,-1005.61548571708,1994.48046331599,130.372496234402,0,0,0
ms_two_k_one_beta_hyperbolic,2,ms_two_k_one_beta_linear,-958.931298035453,1903.80729212189,39.6993250403038,0,0,0
ms_two_k_one_beta_hyperbolic,2,ms_two_k_one_beta_hyperbolic,-936.656032427647,1864.10796708159,0,1,1,1
ms_two_k_one_beta_hyperbolic,2,ms_two_k_two_beta,-1008.45333144419,2005.98556205868,141.87759497709,0,0,0
ms_two_k_one_beta_hyperbolic,2,ms_two_k_two_beta_linear,-968.33350327817,1928.99593206735,64.8879649857688,0,0,0
ms_two_k_one_beta_hyperbolic,2,ms_two_k_two_beta_hyperbolic,-949.973824166787,1895.60932200546,31.5013549238777,0,0,0
ms_two_k_one_beta_hyperbolic,3,ms_two_k_one_beta,-996.563876849581,1973.8955574345,141.953061443392,0,0,0
ms_two_k_one_beta_hyperbolic,3,ms_two_k_one_beta_linear,-941.938236980809,1865.03353467811,33.0910386870053,0,0,0
ms_two_k_one_beta_hyperbolic,3,ms_two_k_one_beta_hyperbolic,-923.866635840543,1831.94249599111,0,1,1,1
ms_two_k_one_beta_hyperbolic,3,ms_two_k_two_beta,-1000.15977679701,1991.37340157765,159.43090558654,0,0,0
ms_two_k_one_beta_hyperbolic,3,ms_two_k_two_beta_linear,-954.312231912769,1902.55411499371,70.6116190026059,0,0,0
ms_two_k_one_beta_hyperbolic,3,ms_two_k_two_beta_hyperbolic,-936.85566626329,1868.07019772469,36.1277017335867,0,0,0
ms_two_k_one_beta_hyperbolic,4,ms_two_k_one_beta,-1016.70736964831,2020.45957720986,108.089576649247,0,0,0
ms_two_k_one_beta_hyperbolic,4,ms_two_k_one_beta_linear,-976.945693062075,1939.45570724974,27.0857066891267,0,0,0
ms_two_k_one_beta_hyperbolic,4,ms_two_k_one_beta_hyperbolic,-960.679306052618,1912.37000056062,0,1,1,1
ms_two_k_one_beta_hyperbolic,4,ms_two_k_two_beta,-1025.26984996092,2044.05255429251,131.682553731897,0,0,0
ms_two_k_one_beta_hyperbolic,4,ms_two_k_two_beta_linear,-989.083401852226,1972.88003799766,60.5100374370488,0,0,0
ms_two_k_one_beta_hyperbolic,4,ms_two_k_two_beta_hyperbolic,-975.642769482705,1948.39055487434,36.0205543137204,0,0,0
ms_two_k_one_beta_hyperbolic,5,ms_two_k_one_beta,-1010.28362438213,2006.86081968053,95.8258619099142,0,0,0
ms_two_k_one_beta_hyperbolic,5,ms_two_k_one_beta_linear,-972.419865979492,1935.8165292185,24.7815714478788,1e-06,0,0
ms_two_k_one_beta_hyperbolic,5,ms_two_k_one_beta_hyperbolic,-960.050121553614,1911.03495777062,0,0.998209,1,1
ms_two_k_one_beta_hyperbolic,5,ms_two_k_two_beta,-1014.48708371596,2023.10184625143,112.066888480813,0,0,0
ms_two_k_one_beta_hyperbolic,5,ms_two_k_two_beta_linear,-977.667899938793,1950.02767015133,38.9927123807086,0,0,0
ms_two_k_one_beta_hyperbolic,5,ms_two_k_two_beta_hyperbolic,-965.832532293035,1926.13666792993,15.1017101593131,0.00179,0,0
ms_two_k_one_beta_hyperbolic,6,ms_two_k_one_beta,-1053.78943899713,2089.71919325919,117.301583515932,0,0,0
ms_two_k_one_beta_hyperbolic,6,ms_two_k_one_beta_linear,-1011.45371437759,2004.1119331923,31.6943234490427,0,0,0
ms_two_k_one_beta_hyperbolic,6,ms_two_k_one_beta_hyperbolic,-993.570440982121,1972.41760974325,0,1,1,1
ms_two_k_one_beta_hyperbolic,6,ms_two_k_two_beta,-1060.28227690391,2103.29106585268,130.873456109422,0,0,0
ms_two_k_one_beta_hyperbolic,6,ms_two_k_two_beta_linear,-1024.07601434256,2038.68560724647,66.2679975032124,0,0,0
ms_two_k_one_beta_hyperbolic,6,ms_two_k_two_beta_hyperbolic,-1005.9411166139,2004.78051733976,32.3629075965075,0,0,0
ms_two_k_one_beta_hyperbolic,7,ms_two_k_one_beta,-974.488618167288,1917.80095795823,58.8133720572819,0,0,0
ms_two_k_one_beta_hyperbolic,7,ms_two_k_one_beta_linear,-948.661841386414,1877.81103896146,18.8234530605157,0,0,0
ms_two_k_one_beta_hyperbolic,7,ms_two_k_one_beta_hyperbolic,-936.573950279408,1858.98758590094,0,1,1,1
ms_two_k_one_beta_hyperbolic,7,ms_two_k_two_beta,-988.903152066233,1965.4864289083,106.498843007354,0,0,0
ms_two_k_one_beta_hyperbolic,7,ms_two_k_two_beta_linear,-970.18770126388,1935.36773128898,76.3801453880358,0,0,0
ms_two_k_one_beta_hyperbolic,7,ms_two_k_two_beta_hyperbolic,-960.267823464032,1912.20101246195,53.2134265610068,0,0,0
ms_two_k_one_beta_hyperbolic,8,ms_two_k_one_beta,-1038.35905083226,2054.46054444559,62.697928795593,0,0,0
ms_two_k_one_beta_hyperbolic,8,ms_two_k_one_beta_linear,-1015.62622229985,2016.91232744758,25.1497117975796,0,0,0
ms_two_k_one_beta_hyperbolic,8,ms_two_k_one_beta_hyperbolic,-1002.51549541079,1991.76261565,0,1,1,1
ms_two_k_one_beta_hyperbolic,8,ms_two_k_two_beta,-1042.31748394865,2074.73934408284,82.976728432847,0,0,0
ms_two_k_one_beta_hyperbolic,8,ms_two_k_two_beta_linear,-1026.00336747014,2048.0549471467,56.2923314967068,0,0,0
ms_two_k_one_beta_hyperbolic,8,ms_two_k_two_beta_hyperbolic,-1014.22100006174,2023.09048822514,31.3278725751395,0,0,0
ms_two_k_one_beta_hyperbolic,9,ms_two_k_one_beta,-1029.83168117335,2037.76042514673,95.0606709373901,0,0,0
ms_two_k_one_beta_hyperbolic,9,ms_two_k_one_beta_linear,-989.407071479644,1965.55331054562,22.8535563362805,0,0,0
ms_two_k_one_beta_hyperbolic,9,ms_two_k_one_beta_hyperbolic,-978.54163699667,1942.69975420934,0,1,1,1
ms_two_k_one_beta_hyperbolic,9,ms_two_k_two_beta,-1046.97096846433,2085.90844956879,143.208695359457,0,0,0
ms_two_k_one_beta_hyperbolic,9,ms_two_k_two_beta_linear,-1010.13757398912,2012.36461307981,69.6648588704768,0,0,0
ms_two_k_one_beta_hyperbolic,9,ms_two_k_two_beta_hyperbolic,-999.373566311497,1992.45670399984,49.7569497905035,0,0,0
ms_two_k_one_beta_hyperbolic,10,ms_two_k_one_beta,-998.497734765499,1977.75251634059,96.457817485973,0,0,0
ms_two_k_one_beta_hyperbolic,10,ms_two_k_one_beta_linear,-964.344550868356,1914.53866997308,33.2439711184602,0,0,0
ms_two_k_one_beta_hyperbolic,10,ms_two_k_one_beta_hyperbolic,-946.3694674031,1881.29469885462,0,1,1,1
ms_two_k_one_beta_hyperbolic,10,ms_two_k_two_beta,-1009.00670359218,2007.44916309971,126.15446424509,0,0,0
ms_two_k_one_beta_hyperbolic,10,ms_two_k_two_beta_linear,-976.137456662282,1938.31097045489,57.0162716002731,0,0,0
ms_two_k_one_beta_hyperbolic,10,ms_two_k_two_beta_hyperbolic,-959.291384365034,1907.84782570879,26.5531268541681,0,0,0
ms_two_k_two_beta,1,ms_two_k_one_beta,-523.22895367181,1030.91077190506,8.37340873960602,0,0,0
ms_two_k_two_beta,1,ms_two_k_one_beta_linear,-551.467186247037,1094.04713324728,71.5097700818244,0,0,0
ms_two_k_two_beta,1,ms_two_k_one_beta_hyperbolic,-552.380643625097,1112.11294989954,89.5755867340822,0,0,0
ms_two_k_two_beta,1,ms_two_k_two_beta,-512.962799033206,1022.53736316545,0,1,1,1
ms_two_k_two_beta,1,ms_two_k_two_beta_linear,-544.449093899785,1090.3805699637,67.8432067982471,0,0,0
ms_two_k_two_beta,1,ms_two_k_two_beta_hyperbolic,-544.701355779919,1100.79545573035,78.2580925649004,0,0,0
ms_two_k_two_beta,2,ms_two_k_one_beta,-445.094405362235,884.591710964214,0,0,1,0
ms_two_k_two_beta,2,ms_two_k_one_beta_linear,-464.644546844675,926.970820909791,42.3791099455768,0,0,0
ms_two_k_two_beta,2,ms_two_k_one_beta_hyperbolic,-463.59537043744,942.306478739691,57.7147677754767,0,0,0
ms_two_k_two_beta,2,ms_two_k_two_beta,-437.576103419037,892.989851902432,8.39814093821735,1,0,1
ms_two_k_two_beta,2,ms_two_k_two_beta_linear,-461.246197666274,923.618840664946,39.0271297007318,0,0,0
ms_two_k_two_beta,2,ms_two_k_two_beta_hyperbolic,-462.556099606488,945.320419284986,60.7287083207721,0,0,0
ms_two_k_two_beta,3,ms_two_k_one_beta,-421.712672037052,843.712240755559,7.67877618973648,0.006152,0,0
ms_two_k_two_beta,3,ms_two_k_one_beta_linear,-441.699445729153,880.479146976837,44.4456824110147,0,0,0
ms_two_k_two_beta,3,ms_two_k_one_beta_hyperbolic,-429.627257881648,883.460628667345,47.4271641015231,7e-06,0,0
ms_two_k_two_beta,3,ms_two_k_two_beta,-416.078303561736,836.033464565822,0,0.993722,1,1
ms_two_k_two_beta,3,ms_two_k_two_beta_linear,-436.656689475379,874.971095040771,38.9376304749489,0,0,0
ms_two_k_two_beta,3,ms_two_k_two_beta_hyperbolic,-429.806387416154,894.869622524297,58.8361579584748,0.000119,0,0
ms_two_k_two_beta,4,ms_two_k_one_beta,-479.923174932333,954.346987891524,15.8637720797286,0,0,0
ms_two_k_two_beta,4,ms_two_k_one_beta_linear,-491.338552831994,978.886688875366,40.4034730635703,0,0,0
ms_two_k_two_beta,4,ms_two_k_one_beta_hyperbolic,-499.809667775318,1008.70747401888,70.2242582070839,0,0,0
ms_two_k_two_beta,4,ms_two_k_two_beta,-465.925983514421,938.483215811795,0,0.999952,1,1
ms_two_k_two_beta,4,ms_two_k_two_beta_linear,-480.904803209009,964.499492800379,26.016276988584,4.8e-05,0,0
ms_two_k_two_beta,4,ms_two_k_two_beta_hyperbolic,-486.463951250671,997.099246466508,58.6160306547131,0,0,0
ms_two_k_two_beta,5,ms_two_k_one_beta,-433.222949638395,863.579016629719,4.1279752433976,0.015153,0,0
ms_two_k_two_beta,5,ms_two_k_one_beta_linear,-437.40629682358,875.412254124039,15.9612127377181,3.1e-05,0,0
ms_two_k_two_beta,5,ms_two_k_one_beta_hyperbolic,-440.1318014823,896.355087078317,36.9040456919962,0,0,0
ms_two_k_two_beta,5,ms_two_k_two_beta,-427.462320775252,859.451041386321,0,0.784694,1,1
ms_two_k_two_beta,5,ms_two_k_two_beta_linear,-432.47255522832,871.539290028589,12.0882486422677,0.017934,0,0
ms_two_k_two_beta,5,ms_two_k_two_beta_hyperbolic,-433.544861130754,893.623299425501,34.1722580391802,0.182188,0,0
ms_two_k_two_beta,6,ms_two_k_one_beta,-460.637582117517,920.727838256031,0,0,1,0
ms_two_k_two_beta,6,ms_two_k_one_beta_linear,-487.123301526357,969.891542233677,49.1637039776459,0,0,0
ms_two_k_two_beta,6,ms_two_k_one_beta_hyperbolic,-487.474301989457,987.713354173402,66.9855159173705,0,0,0
ms_two_k_two_beta,6,ms_two_k_two_beta,-455.637124014113,923.665266577641,2.93742832161035,1,0,1
ms_two_k_two_beta,6,ms_two_k_two_beta_linear,-484.498974645212,962.982787673504,42.254949417473,0,0,0
ms_two_k_two_beta,6,ms_two_k_two_beta_hyperbolic,-485.29105383639,992.941226079357,72.2133878233261,0,0,0
ms_two_k_two_beta,7,ms_two_k_one_beta,-494.62558719692,972.318047734969,5.18005620724398,0.077975,0,0
ms_two_k_two_beta,7,ms_two_k_one_beta_linear,-500.313537701351,992.435250449687,25.2972589219622,2e-05,0,0
ms_two_k_two_beta,7,ms_two_k_one_beta_hyperbolic,-494.798949141268,1002.21041051541,35.0724189876854,0.000174,0,0
ms_two_k_two_beta,7,ms_two_k_two_beta,-487.98230308993,967.137991527725,0,0.882315,1,1
ms_two_k_two_beta,7,ms_two_k_two_beta_linear,-495.74567156507,997.666286624752,30.5282950970276,0.000201,0,0
ms_two_k_two_beta,7,ms_two_k_two_beta_hyperbolic,-494.876475616479,1008.71497157165,41.5769800439261,0.039315,0,0
ms_two_k_two_beta,8,ms_two_k_one_beta,-434.307831985778,863.153546385837,0,0.490403,1,0
ms_two_k_two_beta,8,ms_two_k_one_beta_linear,-457.369050037089,907.759723818709,44.6061774328717,0,0,0
ms_two_k_two_beta,8,ms_two_k_one_beta_hyperbolic,-461.324570055374,940.228725718329,77.0751793324911,0,0,0
ms_two_k_two_beta,8,ms_two_k_two_beta,-432.086940275671,877.680608387249,14.527062001412,0.509592,0,1
ms_two_k_two_beta,8,ms_two_k_two_beta_linear,-455.266009505242,911.594605840124,48.4410594542867,1e-06,0,0
ms_two_k_two_beta,8,ms_two_k_two_beta_hyperbolic,-456.237907447981,934.583666677988,71.4301202921503,4e-06,0,0
ms_two_k_two_beta,9,ms_two_k_one_beta,-392.846557735961,788.516946438448,0.275034276187625,0.027141,0,0
ms_two_k_two_beta,9,ms_two_k_one_beta_linear,-410.254630243962,819.868044434052,31.6261322717917,0,0,0
ms_two_k_two_beta,9,ms_two_k_one_beta_hyperbolic,-403.024736261371,825.558879637328,37.3169674750671,2.1e-05,0,0
ms_two_k_two_beta,9,ms_two_k_two_beta,-389.861092963407,788.241912162261,0,0.966721,1,1
ms_two_k_two_beta,9,ms_two_k_two_beta_linear,-406.754515315562,816.44056698401,28.1986548217494,5e-06,0,0
ms_two_k_two_beta,9,ms_two_k_two_beta_hyperbolic,-401.950930289019,837.392017586626,49.1501054243655,0.006112,0,0
ms_two_k_two_beta,10,ms_two_k_one_beta,-480.075538915299,951.940744661679,0.614996666807087,0.76523,0,1
ms_two_k_two_beta,10,ms_two_k_one_beta_linear,-487.003699125131,972.306660969833,20.9809129749609,0.000143,0,0
ms_two_k_two_beta,10,ms_two_k_one_beta_hyperbolic,-494.976215666214,1005.44806517763,54.1223171827573,0,0,0
ms_two_k_two_beta,10,ms_two_k_two_beta,-477.621903901041,951.325747994872,0,0.14619,1,0
ms_two_k_two_beta,10,ms_two_k_two_beta_linear,-483.536539031824,977.57747055996,26.2517225650873,0.087946,0,0
ms_two_k_two_beta,10,ms_two_k_two_beta_hyperbolic,-491.397467855393,1009.41631349849,58.0905655036141,0.000491,0,0
ms_two_k_two_beta_linear,1,ms_two_k_one_beta,-725.507296892756,1433.14785413163,148.82960404454,0,0,0
ms_two_k_two_beta_linear,1,ms_two_k_one_beta_linear,-655.918168059058,1305.91126311603,21.593013028933,0,0,0
ms_two_k_two_beta_linear,1,ms_two_k_one_beta_hyperbolic,-676.82330187498,1349.09213832052,64.7738882334286,0,0,0
ms_two_k_two_beta_linear,1,ms_two_k_two_beta,-717.966782728726,1425.68467820283,141.366428115739,0,0,0
ms_two_k_two_beta_linear,1,ms_two_k_two_beta_linear,-640.423125645346,1284.31825008709,0,1,1,1
ms_two_k_two_beta_linear,1,ms_two_k_two_beta_hyperbolic,-667.541328890997,1343.69164838445,59.3733982973608,0,0,0
ms_two_k_two_beta_linear,2,ms_two_k_one_beta,-739.806203205473,1458.3091641706,97.929001102953,0,0,0
ms_two_k_two_beta_linear,2,ms_two_k_one_beta_linear,-694.231990067026,1376.89501120741,16.5148481397619,0,0,0
ms_two_k_two_beta_linear,2,ms_two_k_one_beta_hyperbolic,-705.102724533176,1403.49273432847,43.1125712608143,0,0,0
ms_two_k_two_beta_linear,2,ms_two_k_two_beta,-728.997616812493,1444.72621627693,84.3460532092754,0,0,0
ms_two_k_two_beta_linear,2,ms_two_k_two_beta_linear,-681.805395323071,1360.38016306765,0,1,1,1
ms_two_k_two_beta_linear,2,ms_two_k_two_beta_hyperbolic,-693.967632973449,1391.8449789741,31.4648159064511,0,0,0
ms_two_k_two_beta_linear,3,ms_two_k_one_beta,-784.801089461048,1514.5420785328,128.544052391836,0,0,0
ms_two_k_two_beta_linear,3,ms_two_k_one_beta_linear,-714.614337435127,1414.58982055489,28.591794413931,0,0,0
ms_two_k_two_beta_linear,3,ms_two_k_one_beta_hyperbolic,-717.153295841621,1430.79289106819,44.7948649272248,0,0,0
ms_two_k_two_beta_linear,3,ms_two_k_two_beta,-773.326060284885,1490.95432696733,104.95630082637,0,0,0
ms_two_k_two_beta_linear,3,ms_two_k_two_beta_linear,-694.060914637666,1385.99802614096,0,1,1,1
ms_two_k_two_beta_linear,3,ms_two_k_two_beta_hyperbolic,-704.263490984793,1408.95541633989,22.9573901989311,0,0,0
ms_two_k_two_beta_linear,4,ms_two_k_one_beta,-743.016712316042,1469.72283985624,86.6239184505569,0,0,0
ms_two_k_two_beta_linear,4,ms_two_k_one_beta_linear,-701.918059843121,1397.24848077247,14.1495593667885,0,0,0
ms_two_k_two_beta_linear,4,ms_two_k_one_beta_hyperbolic,-709.310500796566,1414.35344970647,31.254528300786,0,0,0
ms_two_k_two_beta_linear,4,ms_two_k_two_beta,-736.235519407409,1457.65575877305,74.5568373673671,0,0,0
ms_two_k_two_beta_linear,4,ms_two_k_two_beta_linear,-691.260130023325,1383.09892140568,0,1,1,1
ms_two_k_two_beta_linear,4,ms_two_k_two_beta_hyperbolic,-706.522359347792,1413.19921482124,30.1002934155586,0,0,0
ms_two_k_two_beta_linear,5,ms_two_k_one_beta,-758.294349613737,1496.20059364621,135.495648460895,0,0,0
ms_two_k_two_beta_linear,5,ms_two_k_one_beta_linear,-691.348234451514,1380.99435854511,20.2894133597974,0,0,0
ms_two_k_two_beta_linear,5,ms_two_k_one_beta_hyperbolic,-706.419486808658,1407.15368460779,46.4487394224707,0,0,0
ms_two_k_two_beta_linear,5,ms_two_k_two_beta,-777.985072567777,1507.29740269496,146.592457509647,0,0,0
ms_two_k_two_beta_linear,5,ms_two_k_two_beta_linear,-680.568086781819,1360.70494518532,0,1,1,1
ms_two_k_two_beta_linear,5,ms_two_k_two_beta_hyperbolic,-702.123465138867,1405.74157979214,45.0366346068276,0,0,0
ms_two_k_two_beta_linear,6,ms_two_k_one_beta,-752.285497699335,1487.98007426404,107.537178634968,0,0,0
ms_two_k_two_beta_linear,6,ms_two_k_one_beta_linear,-697.50621429143,1387.86117524959,7.41827962052002,1e-06,0,0
ms_two_k_two_beta_linear,6,ms_two_k_one_beta_hyperbolic,-702.368683407895,1403.9956386239,23.5527429948256,0,0,0
ms_two_k_two_beta_linear,6,ms_two_k_two_beta,-749.119764402955,1493.62830849985,113.185412870774,0,0,0
ms_two_k_two_beta_linear,6,ms_two_k_two_beta_linear,-689.909445614635,1380.44289562907,0,0.999834,1,1
ms_two_k_two_beta_linear,6,ms_two_k_two_beta_hyperbolic,-697.14765705101,1398.8198428928,18.3769472637327,0.000165,0,0
ms_two_k_two_beta_linear,7,ms_two_k_one_beta,-742.124135980151,1427.77045930841,138.668870358805,0,0,0
ms_two_k_two_beta_linear,7,ms_two_k_one_beta_linear,-651.274615913621,1296.32542322425,7.22383427464342,0,0,0
ms_two_k_two_beta_linear,7,ms_two_k_one_beta_hyperbolic,-651.243700301527,1300.90463347085,11.8030445212428,0,0,0
ms_two_k_two_beta_linear,7,ms_two_k_two_beta,-737.007215017947,1421.37392186682,132.272332917213,0,0,0
ms_two_k_two_beta_linear,7,ms_two_k_two_beta_linear,-643.009855901556,1289.10158894961,0,0.796036,1,1
ms_two_k_two_beta_linear,7,ms_two_k_two_beta_hyperbolic,-643.253617765896,1293.63006051361,4.52847156400958,0.203964,0,0
ms_two_k_two_beta_linear,8,ms_two_k_one_beta,-713.832429996341,1415.95683174462,88.2729208343349,0,0,0
ms_two_k_two_beta_linear,8,ms_two_k_one_beta_linear,-674.953539021573,1343.72621331788,16.0423024076022,0,0,0
ms_two_k_two_beta_linear,8,ms_two_k_one_beta_hyperbolic,-689.973257982369,1379.25319299539,51.5692820851089,0,0,0
ms_two_k_two_beta_linear,8,ms_two_k_two_beta,-705.113737920037,1404.68541961142,77.0015087011391,0,0,0
ms_two_k_two_beta_linear,8,ms_two_k_two_beta_linear,-662.690959805403,1327.68391091028,0,1,1,1
ms_two_k_two_beta_linear,8,ms_two_k_two_beta_hyperbolic,-680.297944865456,1366.78125762539,39.097346715108,0,0,0
ms_two_k_two_beta_linear,9,ms_two_k_one_beta,-686.666306390532,1314.46870146114,68.5914846616249,0,0,0
ms_two_k_two_beta_linear,9,ms_two_k_one_beta_linear,-629.279396652028,1245.87721679952,0,0.00509,1,0
ms_two_k_two_beta_linear,9,ms_two_k_one_beta_hyperbolic,-640.668486179011,1279.04044660945,33.1632298099346,0,0,0
ms_two_k_two_beta_linear,9,ms_two_k_two_beta,-704.089195504022,1317.62297571672,71.7457589172002,0,0,0
ms_two_k_two_beta_linear,9,ms_two_k_two_beta_linear,-622.982336133411,1248.23181236304,2.35459556352089,0.994892,0,1
ms_two_k_two_beta_linear,9,ms_two_k_two_beta_hyperbolic,-639.604875538764,1283.33003330895,37.4528165094273,1.8e-05,0,0
ms_two_k_two_beta_linear,10,ms_two_k_one_beta,-723.232625616312,1430.30832582273,128.717713554983,0,0,0
ms_two_k_two_beta_linear,10,ms_two_k_one_beta_linear,-662.591827168142,1315.56200718252,13.9713949147699,0,0,0
ms_two_k_two_beta_linear,10,ms_two_k_one_beta_hyperbolic,-676.357487569058,1343.76409743165,42.1734851639021,0,0,0
ms_two_k_two_beta_linear,10,ms_two_k_two_beta,-712.479862236061,1408.16043307151,106.569820803762,0,0,0
ms_two_k_two_beta_linear,10,ms_two_k_two_beta_linear,-649.741171190442,1301.59061226775,0,1,1,1
ms_two_k_two_beta_linear,10,ms_two_k_two_beta_hyperbolic,-670.661358498868,1343.99859608041,42.4079838126604,0,0,0
ms_two_k_two_beta_hyperbolic,1,ms_two_k_one_beta,-1047.05913611897,2083.08528435626,78.3645091553524,0,0,0
ms_two_k_two_beta_hyperbolic,1,ms_two_k_one_beta_linear,-1023.79658148378,2042.05676279739,37.3359875964888,0,0,0
ms_two_k_two_beta_hyperbolic,1,ms_two_k_one_beta_hyperbolic,-1017.63452016184,2031.68971175121,26.9689365503014,0,0,0
ms_two_k_two_beta_hyperbolic,1,ms_two_k_two_beta,-1038.90211047147,2070.16662891544,65.4458537145322,0,0,0
ms_two_k_two_beta_hyperbolic,1,ms_two_k_two_beta_linear,-1013.17954748318,2018.02406666478,13.3032914638734,1e-06,0,0
ms_two_k_two_beta_hyperbolic,1,ms_two_k_two_beta_hyperbolic,-1006.96797383713,2004.7207752009,0,0.999999,1,1
ms_two_k_two_beta_hyperbolic,2,ms_two_k_one_beta,-982.794933116237,1950.06383682187,94.810300018816,0,0,0
ms_two_k_two_beta_hyperbolic,2,ms_two_k_one_beta_linear,-945.265320067543,1880.12443179198,24.8708949889253,1e-06,0,0
ms_two_k_two_beta_hyperbolic,2,ms_two_k_one_beta_hyperbolic,-930.257209905921,1855.25353680305,0,0.579183,1,1
ms_two_k_two_beta_hyperbolic,2,ms_two_k_two_beta,-985.588835506649,1962.44882492326,107.195288120204,0,0,0
ms_two_k_two_beta_hyperbolic,2,ms_two_k_two_beta_linear,-946.721189140719,1886.947384178,31.6938473749517,0,0,0
ms_two_k_two_beta_hyperbolic,2,ms_two_k_two_beta_hyperbolic,-930.999788586,1859.91919815773,4.66566135467406,0.420816,0,0
ms_two_k_two_beta_hyperbolic,3,ms_two_k_one_beta,-1036.81561466148,2061.36195547845,112.865624065088,0,0,0
ms_two_k_two_beta_hyperbolic,3,ms_two_k_one_beta_linear,-1000.01071125043,1991.12506464545,42.6287332320826,0,0,0
ms_two_k_two_beta_hyperbolic,3,ms_two_k_one_beta_hyperbolic,-979.989240536043,1948.49633141336,0,1,1,1
ms_two_k_two_beta_hyperbolic,3,ms_two_k_two_beta,-1038.01303450143,2067.96870570737,119.472374294004,0,0,0
ms_two_k_two_beta_hyperbolic,3,ms_two_k_two_beta_linear,-1001.26146981984,1999.73409091969,51.2377595063208,0,0,0
ms_two_k_two_beta_hyperbolic,3,ms_two_k_two_beta_hyperbolic,-983.770908339519,1965.54908296555,17.052751552181,0,0,0
ms_two_k_two_beta_hyperbolic,4,ms_two_k_one_beta,-1014.7262482997,2009.16924910542,53.727735109441,0,0,0
ms_two_k_two_beta_hyperbolic,4,ms_two_k_one_beta_linear,-999.624019937021,1989.43608906912,33.9945750731408,0,0,0
ms_two_k_two_beta_hyperbolic,4,ms_two_k_one_beta_hyperbolic,-992.206690465347,1978.53315010409,23.091636108104,0,0,0
ms_two_k_two_beta_hyperbolic,4,ms_two_k_two_beta,-1008.99107234148,2002.70493644059,47.263422444604,0,0,0
ms_two_k_two_beta_hyperbolic,4,ms_two_k_two_beta_linear,-992.785787671219,1973.49473270261,18.0532187066253,0,0,0
ms_two_k_two_beta_hyperbolic,4,ms_two_k_two_beta_hyperbolic,-982.095719508717,1955.44151399598,0,1,1,1
ms_two_k_two_beta_hyperbolic,5,ms_two_k_one_beta,-967.966143114424,1914.11745762409,127.512224345501,0,0,0
ms_two_k_two_beta_hyperbolic,5,ms_two_k_one_beta_linear,-934.093409005531,1859.19542082138,72.5901875427896,0,0,0
ms_two_k_two_beta_hyperbolic,5,ms_two_k_one_beta_hyperbolic,-904.565028582605,1802.38482965877,15.7795963801821,0,0,0
ms_two_k_two_beta_hyperbolic,5,ms_two_k_two_beta,-950.049135690732,1880.69390922202,94.0886759434363,0,0,0
ms_two_k_two_beta_hyperbolic,5,ms_two_k_two_beta_linear,-921.078732145717,1827.95368365808,41.3484503794912,0,0,0
ms_two_k_two_beta_hyperbolic,5,ms_two_k_two_beta_hyperbolic,-897.426641863451,1786.60523327859,0,1,1,1
ms_two_k_two_beta_hyperbolic,6,ms_two_k_one_beta,-1005.7098558278,2005.54660264183,89.0761708668283,0,0,0
ms_two_k_two_beta_hyperbolic,6,ms_two_k_one_beta_linear,-973.170270004644,1944.45861541826,27.9881836432573,0,0,0
ms_two_k_two_beta_hyperbolic,6,ms_two_k_one_beta_hyperbolic,-964.632143084916,1926.02737016242,9.55693838741399,0,0,0
ms_two_k_two_beta_hyperbolic,6,ms_two_k_two_beta,-1001.66861693702,2002.3358937318,85.8654619567988,0,0,0
ms_two_k_two_beta_hyperbolic,6,ms_two_k_two_beta_linear,-969.211702692195,1935.5901193354,19.1196875603903,0,0,0
ms_two_k_two_beta_hyperbolic,6,ms_two_k_two_beta_hyperbolic,-958.118047013646,1916.47043177501,0,1,1,1
ms_two_k_two_beta_hyperbolic,7,ms_two_k_one_beta,-1019.26641363732,2022.59555203041,106.336898158761,0,0,0
ms_two_k_two_beta_hyperbolic,7,ms_two_k_one_beta_linear,-983.092458471846,1956.68389605558,40.4252421839253,0,0,0
ms_two_k_two_beta_hyperbolic,7,ms_two_k_one_beta_hyperbolic,-962.585746321719,1916.25865387165,0,0.000325,1,0
ms_two_k_two_beta_hyperbolic,7,ms_two_k_two_beta,-1017.59681970918,2027.92911809638,111.670464224725,0,0,0
ms_two_k_two_beta_hyperbolic,7,ms_two_k_two_beta_linear,-982.587790722236,1959.52016594622,43.2615120745643,0,0,0
ms_two_k_two_beta_hyperbolic,7,ms_two_k_two_beta_hyperbolic,-959.641676783444,1917.65879595543,1.40014208377966,0.999675,0,1
ms_two_k_two_beta_hyperbolic,8,ms_two_k_one_beta,-1038.27482169303,2059.73791508585,77.5819440634648,0,0,0
ms_two_k_two_beta_hyperbolic,8,ms_two_k_one_beta_linear,-1010.19017478959,2007.03551650174,24.879545479354,0,0,0
ms_two_k_two_beta_hyperbolic,8,ms_two_k_one_beta_hyperbolic,-1000.99208982379,1993.10579534361,10.9498243212286,1.1e-05,0,0
ms_two_k_two_beta_hyperbolic,8,ms_two_k_two_beta,-1032.27906370573,2051.84179797735,69.6858269549618,0,0,0
ms_two_k_two_beta_hyperbolic,8,ms_two_k_two_beta_linear,-1004.26155674995,2002.06576229216,19.9097912697805,0,0,0
ms_two_k_two_beta_hyperbolic,8,ms_two_k_two_beta_hyperbolic,-993.706634811496,1982.15597102238,0,0.999989,1,1
ms_two_k_two_beta_hyperbolic,9,ms_two_k_one_beta,-1002.96450139433,2000.85122675177,142.116858100187,0,0,0
ms_two_k_two_beta_hyperbolic,9,ms_two_k_one_beta_linear,-957.443306478822,1910.20790971347,51.4735410618821,0,0,0
ms_two_k_two_beta_hyperbolic,9,ms_two_k_one_beta_hyperbolic,-931.924670012738,1859.37856802762,0.644199376034294,0.000192,0,0
ms_two_k_two_beta_hyperbolic,9,ms_two_k_two_beta,-994.772943834724,1982.43517170611,123.700803054525,0,0,0
ms_two_k_two_beta_hyperbolic,9,ms_two_k_two_beta_linear,-951.780794819771,1897.12754510332,38.3931764517306,0,0,0
ms_two_k_two_beta_hyperbolic,9,ms_two_k_two_beta_hyperbolic,-929.611614232412,1858.73436865159,0,0.999808,1,1
ms_two_k_two_beta_hyperbolic,10,ms_two_k_one_beta,-1034.85929569831,2057.77492270448,123.939969872705,0,0,0
ms_two_k_two_beta_hyperbolic,10,ms_two_k_one_beta_linear,-993.676042837388,1977.83178371118,43.9968308794075,0,0,0
ms_two_k_two_beta_hyperbolic,10,ms_two_k_one_beta_hyperbolic,-970.932727595447,1933.83495283177,0,0.067244,1,0
ms_two_k_two_beta_hyperbolic,10,ms_two_k_two_beta,-1026.8565789153,2043.39719978173,109.562246949953,0,0,0
ms_two_k_two_beta_hyperbolic,10,ms_two_k_two_beta_linear,-987.328732504464,1970.02705094088,36.19209810911,0,0,0
ms_two_k_two_beta_hyperbolic,10,ms_two_k_two_beta_hyperbolic,-971.340619036404,1938.92690755848,5.09195472670626,0.932756,0,1
